"SNP","Chr","Pos","pval","Trait"
"SNP48273",7,15827648,1.9532258940471e-06,"ResNet_102"
"SNP7976",1,252632712,2.98723242051883e-07,"ResNet_102"
"SNP66640",10,90480283,2.01839421352085e-09,"ResNet_105"
"SNP13410",2,56927520,5.96028011093886e-07,"ResNet_107"
"SNP226",1,3734685,1.35528843889312e-09,"ResNet_107"
"SNP32738",4,236701087,3.05769331457957e-09,"ResNet_107"
"SNP37560",5,156970914,1.61344061344802e-13,"ResNet_107"
"SNP60",1,2470227,1.68005714092646e-11,"ResNet_107"
"SNP65088",10,6377206,1.44444051566476e-07,"ResNet_107"
"SNP18354",2,233733829,7.48484933798769e-10,"ResNet_109"
"SNP26793",4,2115964,3.65308364962464e-10,"ResNet_109"
"SNP32596",4,235074144,7.84260443847031e-10,"ResNet_109"
"SNP32787",4,237041321,1.10389980757938e-08,"ResNet_109"
"SNP36972",5,101170822,1.14382718845408e-09,"ResNet_109"
"SNP40272",5,205234849,4.17531116638473e-08,"ResNet_109"
"SNP45836",6,150752051,3.30298862231823e-13,"ResNet_109"
"SNP55780",8,108499025,2.11546520875815e-06,"ResNet_109"
"SNP69054",10,145274286,1.31547676027768e-17,"ResNet_109"
"SNP42514",6,35061159,3.74829032256501e-06,"ResNet_10"
"SNP59003",8,170211291,1.67394041332071e-06,"ResNet_10"
"SNP23833",3,181559475,6.84588962815153e-07,"ResNet_112"
"SNP41809",6,125148,1.97067373736984e-09,"ResNet_112"
"SNP46456",6,159013906,2.58777300022965e-09,"ResNet_112"
"SNP52018",7,162003719,2.17193379342704e-08,"ResNet_112"
"SNP5979",1,196372325,9.75385450644859e-06,"ResNet_113"
"SNP48289",7,17180746,1.3310035333724e-06,"ResNet_117"
"SNP50809",7,141731555,1.37449241720293e-06,"ResNet_121"
"SNP48887",7,82326573,3.57068112253796e-06,"ResNet_122"
"SNP66552",10,87730037,8.21119941166682e-06,"ResNet_124"
"SNP18783",3,2624826,1.62770637067365e-06,"ResNet_125"
"SNP34264",5,10492034,2.77924381910539e-06,"ResNet_125"
"SNP57436",8,153015572,9.64010790172783e-06,"ResNet_12"
"SNP40432",5,206072950,9.34614894957053e-06,"ResNet_130"
"SNP2185",1,32837953,5.10296317603383e-06,"ResNet_132"
"SNP2187",1,32837983,5.10296317603383e-06,"ResNet_132"
"SNP2349",1,34993545,4.78589288542472e-08,"ResNet_133"
"SNP59694",9,5414828,6.66588167170874e-09,"ResNet_133"
"SNP22245",3,145178791,1.71930555313193e-06,"ResNet_137"
"SNP40713",5,208645663,7.77899943200976e-06,"ResNet_137"
"SNP53916",8,14597217,3.08849644317347e-10,"ResNet_137"
"SNP31537",4,200057780,5.03052617699323e-06,"ResNet_141"
"SNP56810",8,141812932,4.4338470662187e-07,"ResNet_141"
"SNP18723",3,2083503,1.64086478029681e-06,"ResNet_147"
"SNP23239",3,169582094,1.62268297750933e-06,"ResNet_149"
"SNP28511",4,82641960,2.02258970400972e-06,"ResNet_149"
"SNP7139",1,227253767,1.0693309170144e-06,"ResNet_149"
"SNP30923",4,186481112,1.5812167373366e-06,"ResNet_155"
"SNP42508",6,34974196,1.24895050781773e-10,"ResNet_161"
"SNP47569",7,2712327,3.77656214512067e-07,"ResNet_161"
"SNP48276",7,16335995,3.85342435389128e-06,"ResNet_161"
"SNP53708",8,10365062,1.2941923637317e-06,"ResNet_161"
"SNP58117",8,162191084,5.41966495372929e-06,"ResNet_161"
"SNP63878",9,147962492,1.2059204097927e-08,"ResNet_161"
"SNP67001",10,108418253,9.30309122021847e-13,"ResNet_161"
"SNP25362",3,210838436,6.30810804126894e-06,"ResNet_162"
"SNP67711",10,127568626,7.79247638141487e-06,"ResNet_162"
"SNP14253",2,129680067,1.88897068827548e-06,"ResNet_163"
"SNP17843",2,222696676,1.04818810588336e-07,"ResNet_163"
"SNP19931",3,19482979,8.35788956544459e-06,"ResNet_163"
"SNP42956",6,65491181,7.14168933571058e-08,"ResNet_163"
"SNP28527",4,83326439,2.79818059448165e-07,"ResNet_165"
"SNP66979",10,108122805,4.258294314899e-06,"ResNet_165"
"SNP18384",2,233910199,2.71318602382056e-06,"ResNet_166"
"SNP18385",2,233910230,2.71318602382056e-06,"ResNet_166"
"SNP29228",4,154381511,2.10390166245147e-07,"ResNet_167"
"SNP45099",6,136408083,1.20975585775493e-06,"ResNet_167"
"SNP6008",1,197748835,5.76236989257855e-09,"ResNet_167"
"SNP63122",9,139377131,8.35348065603283e-12,"ResNet_167"
"SNP12633",2,35354628,6.21213075249011e-06,"ResNet_169"
"SNP11215",2,10388651,1.7695772172202e-10,"ResNet_171"
"SNP12940",2,42958239,5.63337493012072e-08,"ResNet_171"
"SNP1360",1,17828574,1.57953280344906e-20,"ResNet_171"
"SNP25508",3,213607098,2.08698425339733e-07,"ResNet_171"
"SNP27844",4,32143196,1.10694582982111e-07,"ResNet_171"
"SNP32648",4,235601609,1.71548752594808e-08,"ResNet_171"
"SNP43288",6,84470205,7.05718458106603e-07,"ResNet_171"
"SNP441",1,5744941,4.05177613798737e-09,"ResNet_171"
"SNP48139",7,11442611,4.35021534537317e-07,"ResNet_171"
"SNP62995",9,136017706,4.19350521152909e-11,"ResNet_171"
"SNP67994",10,132883281,4.33743193899303e-10,"ResNet_171"
"SNP8179",1,257144641,3.61285522102573e-10,"ResNet_171"
"SNP1363",1,17828621,3.34324135613207e-06,"ResNet_174"
"SNP29458",4,159657988,7.63526086781761e-08,"ResNet_17"
"SNP35984",5,61757300,7.09854538195983e-07,"ResNet_17"
"SNP47105",6,165022542,4.86401114656304e-06,"ResNet_17"
"SNP41532",5,214515186,8.30353788141967e-07,"ResNet_183"
"SNP58221",8,162856715,4.1916570093268e-06,"ResNet_188"
"SNP67339",10,118963328,1.5268714404062e-06,"ResNet_18"
"SNP53161",7,174282748,5.17927916064621e-06,"ResNet_191"
"SNP42574",6,38119960,3.64429169695012e-06,"ResNet_192"
"SNP64148",9,151314675,4.53706310146763e-07,"ResNet_197"
"SNP42767",6,57284616,4.05254522481493e-06,"ResNet_198"
"SNP42768",6,57284627,4.05254522481493e-06,"ResNet_198"
"SNP42769",6,57284635,4.05254522481493e-06,"ResNet_198"
"SNP42770",6,57284659,4.05254522481493e-06,"ResNet_198"
"SNP42773",6,57284671,4.05254522481493e-06,"ResNet_198"
"SNP41530",5,214507724,6.01039082065523e-07,"ResNet_199"
"SNP58783",8,167780357,2.07205931883712e-06,"ResNet_199"
"SNP12734",2,37844613,1.24969262599522e-07,"ResNet_19"
"SNP209",1,3703141,4.72119162163971e-06,"ResNet_19"
"SNP53695",8,10284961,4.32040186230096e-08,"ResNet_19"
"SNP66974",10,108118044,9.19013050794086e-09,"ResNet_19"
"SNP26455",3,227827542,8.99254007157796e-06,"ResNet_1"
"SNP1400",1,18640645,4.70086331849449e-06,"ResNet_200"
"SNP47648",7,3663038,9.12486404279313e-06,"ResNet_201"
"SNP63333",9,141537846,1.89107771918004e-06,"ResNet_201"
"SNP15603",2,187442906,1.83149520572728e-08,"ResNet_204"
"SNP36406",5,76217421,3.72874743289708e-06,"ResNet_204"
"SNP42603",6,39371806,2.48989994455527e-09,"ResNet_204"
"SNP50463",7,135573235,1.29730858095568e-07,"ResNet_204"
"SNP50798",7,141648257,2.74614763175464e-06,"ResNet_204"
"SNP59592",9,3132953,2.4428281213381e-14,"ResNet_204"
"SNP31808",4,209567626,2.02729061673019e-06,"ResNet_205"
"SNP29126",4,152077370,5.91994632669287e-06,"ResNet_207"
"SNP32947",4,238219066,2.68207299218414e-09,"ResNet_207"
"SNP3821",1,75630779,5.2853816633413e-13,"ResNet_207"
"SNP41080",5,212219713,7.42022564220553e-06,"ResNet_207"
"SNP60390",9,22327981,1.68151120438604e-07,"ResNet_207"
"SNP63889",9,148042690,1.42041248937564e-07,"ResNet_207"
"SNP7115",1,226026106,5.80733836345278e-12,"ResNet_207"
"SNP46829",6,162645125,8.85634263512396e-06,"ResNet_20"
"SNP53448",8,3798929,6.14000816670758e-06,"ResNet_210"
"SNP36032",5,62921059,2.04992208739089e-06,"ResNet_212"
"SNP18387",2,233910403,1.63975361075775e-07,"ResNet_213"
"SNP24130",3,186213506,1.24922685724973e-06,"ResNet_213"
"SNP27488",4,17829155,3.94100656003024e-08,"ResNet_213"
"SNP52569",7,167509510,1.63718321794817e-07,"ResNet_213"
"SNP14180",2,121582469,5.11638503743148e-16,"ResNet_215"
"SNP17881",2,222967723,7.95603454034935e-15,"ResNet_215"
"SNP23077",3,166793929,5.6515109604448e-08,"ResNet_215"
"SNP26799",4,2382769,4.77492196224088e-06,"ResNet_215"
"SNP32388",4,231903567,9.66162846637745e-14,"ResNet_215"
"SNP33943",5,6802784,1.13854034519623e-10,"ResNet_215"
"SNP35906",5,59805432,3.48828609552441e-10,"ResNet_215"
"SNP41993",6,4306724,2.25231164031651e-22,"ResNet_215"
"SNP4355",1,98096939,2.88756007699497e-08,"ResNet_215"
"SNP46523",6,159616925,1.34079607579086e-06,"ResNet_215"
"SNP46899",6,162940737,1.04692827240666e-10,"ResNet_215"
"SNP47942",7,7716737,1.14326451433111e-22,"ResNet_215"
"SNP51432",7,155745530,2.86612034998124e-09,"ResNet_215"
"SNP55455",8,91202271,1.82455645686524e-27,"ResNet_215"
"SNP5581",1,188014659,7.16696782278621e-17,"ResNet_215"
"SNP55924",8,114416092,9.87640793920384e-06,"ResNet_215"
"SNP56803",8,141611076,1.03258211058667e-09,"ResNet_215"
"SNP64144",9,151306723,2.28005001096495e-34,"ResNet_215"
"SNP69205",10,147240349,1.38175465782674e-06,"ResNet_215"
"SNP3821",1,75630779,9.12262243325758e-07,"ResNet_216"
"SNP13026",2,44718835,7.48049337541769e-07,"ResNet_218"
"SNP18723",3,2083503,2.89481353867769e-07,"ResNet_218"
"SNP23369",3,172372690,6.12355747236268e-06,"ResNet_21"
"SNP33126",4,239933758,1.24063625582027e-08,"ResNet_21"
"SNP67001",10,108418253,9.97450985076249e-10,"ResNet_21"
"SNP8153",1,256662971,1.04486010693238e-08,"ResNet_21"
"SNP13040",2,45194157,1.58762851216673e-09,"ResNet_220"
"SNP16170",2,196871376,1.22962297591059e-07,"ResNet_220"
"SNP19801",3,15740125,4.25169933394907e-06,"ResNet_220"
"SNP33163",4,240466995,1.19396745688724e-09,"ResNet_220"
"SNP39274",5,193924275,1.88110691315679e-07,"ResNet_220"
"SNP48837",7,71063734,1.06758852625945e-11,"ResNet_220"
"SNP56810",8,141812932,1.16780445559087e-06,"ResNet_220"
"SNP67150",10,114237242,2.44330359438081e-11,"ResNet_220"
"SNP21880",3,132848613,3.53351088443994e-06,"ResNet_223"
"SNP59003",8,170211291,3.58185437274628e-07,"ResNet_223"
"SNP48162",7,13578729,1.89774481677472e-06,"ResNet_224"
"SNP48289",7,17180746,2.38573963938417e-09,"ResNet_224"
"SNP52325",7,165575345,8.81138549523441e-06,"ResNet_224"
"SNP3110",1,52091389,1.07230987583389e-06,"ResNet_227"
"SNP54473",8,23427487,7.18789973265535e-06,"ResNet_227"
"SNP7215",1,228723674,6.43065015761251e-06,"ResNet_228"
"SNP44305",6,112590719,5.41934401827083e-06,"ResNet_229"
"SNP62303",9,118658930,1.69734506649042e-07,"ResNet_229"
"SNP29152",4,152579387,3.30942628921865e-06,"ResNet_230"
"SNP8130",1,255742554,1.47666078747896e-06,"ResNet_230"
"SNP35505",5,46110412,9.01297453649445e-06,"ResNet_231"
"SNP44526",6,118318791,4.00744521910071e-06,"ResNet_236"
"SNP12799",2,39639406,7.23454620593891e-17,"ResNet_237"
"SNP22171",3,142730655,8.93607743375493e-13,"ResNet_237"
"SNP40170",5,204612386,1.09118187788966e-06,"ResNet_237"
"SNP41347",5,213750820,3.86355276664222e-07,"ResNet_237"
"SNP52012",7,161950677,7.65182986662343e-07,"ResNet_237"
"SNP54872",8,39469744,5.38033135461694e-12,"ResNet_237"
"SNP60737",9,27217583,1.45821310011458e-07,"ResNet_237"
"SNP64231",9,151662903,6.86812708617968e-10,"ResNet_237"
"SNP67938",10,132533086,2.63159780165299e-07,"ResNet_237"
"SNP19935",3,19558077,4.83753920642504e-07,"ResNet_239"
"SNP33983",5,7148381,5.6152684161216e-06,"ResNet_239"
"SNP42514",6,35061159,3.60906068568538e-07,"ResNet_239"
"SNP5492",1,182626134,1.70711977040601e-07,"ResNet_239"
"SNP69444",10,148810498,1.85686274260045e-08,"ResNet_239"
"SNP41884",6,2381345,3.71739696380432e-06,"ResNet_23"
"SNP55132",8,67201750,4.60260134801541e-06,"ResNet_23"
"SNP62709",9,130514175,5.34985685681084e-10,"ResNet_23"
"SNP54206",8,18350213,1.62162856853258e-06,"ResNet_241"
"SNP5329",1,176942266,8.59441568630817e-06,"ResNet_242"
"SNP66850",10,99723340,3.57073528791285e-06,"ResNet_244"
"SNP10779",2,4891051,9.08196511281072e-07,"ResNet_246"
"SNP14149",2,118536940,2.97863424204209e-19,"ResNet_246"
"SNP15623",2,187623468,1.10796894810558e-12,"ResNet_246"
"SNP30904",4,185871422,6.57792934649077e-09,"ResNet_246"
"SNP32333",4,231033931,1.26016394728181e-11,"ResNet_246"
"SNP39535",5,198036298,6.67812114382267e-06,"ResNet_246"
"SNP46115",6,155137222,6.23665461858881e-11,"ResNet_246"
"SNP49805",7,124507887,2.20720556444498e-10,"ResNet_246"
"SNP53842",8,13591551,1.71398918717832e-11,"ResNet_246"
"SNP58732",8,167223892,7.07298543866705e-08,"ResNet_246"
"SNP67680",10,126930504,7.37329976345836e-20,"ResNet_246"
"SNP25712",3,217462985,1.58014010398542e-06,"ResNet_248"
"SNP64163",9,151366159,8.54208166433901e-06,"ResNet_248"
"SNP67422",10,121412606,1.49127701652101e-06,"ResNet_251"
"SNP3745",1,73232129,9.95587845389058e-07,"ResNet_252"
"SNP48068",7,9593125,9.92761134172643e-07,"ResNet_252"
"SNP54737",8,32859738,6.20069522250764e-09,"ResNet_252"
"SNP62497",9,125390592,4.47738078609592e-09,"ResNet_252"
"SNP47564",7,2663727,9.53245758581623e-06,"ResNet_255"
"SNP64231",9,151662903,2.03987701751091e-06,"ResNet_255"
"SNP34338",5,11818674,9.21019007809219e-06,"ResNet_259"
"SNP59429",8,174216361,9.82135871110322e-07,"ResNet_259"
"SNP25382",3,211148104,3.11281308058695e-06,"ResNet_266"
"SNP49407",7,109328693,2.35992572884196e-06,"ResNet_267"
"SNP42574",6,38119960,5.92184384649339e-06,"ResNet_268"
"SNP41530",5,214507724,4.69891895609686e-07,"ResNet_269"
"SNP52094",7,162706318,9.17450930131811e-06,"ResNet_271"
"SNP30860",4,185695142,9.61309613586943e-08,"ResNet_272"
"SNP54694",8,28298059,1.99177648799857e-07,"ResNet_272"
"SNP64231",9,151662903,3.55459932043303e-11,"ResNet_272"
"SNP18660",3,1690739,6.28360332684331e-06,"ResNet_273"
"SNP36274",5,72696594,4.48712470979717e-08,"ResNet_275"
"SNP50183",7,130933183,1.75774673105125e-06,"ResNet_275"
"SNP44339",6,113043243,3.67295133693474e-06,"ResNet_276"
"SNP55505",8,94358517,2.39977929287371e-06,"ResNet_277"
"SNP24593",3,195122231,1.58145120545687e-09,"ResNet_278"
"SNP49004",7,92335842,5.20879232233002e-06,"ResNet_278"
"SNP41536",5,214522485,2.11507578437034e-06,"ResNet_283"
"SNP48625",7,31732923,6.80026827370554e-06,"ResNet_283"
"SNP7034",1,224102147,4.37608090207123e-07,"ResNet_283"
"SNP18723",3,2083503,1.49471549464876e-06,"ResNet_284"
"SNP28141",4,40351730,6.61257374383092e-06,"ResNet_285"
"SNP59233",8,171755521,1.43106246323569e-07,"ResNet_288"
"SNP47057",6,164775948,2.11846876973547e-06,"ResNet_289"
"SNP42749",6,56450119,2.24553963415867e-07,"ResNet_28"
"SNP13267",2,51809423,8.97649745525529e-07,"ResNet_290"
"SNP10909",2,6647620,5.97676744018204e-11,"ResNet_291"
"SNP22238",3,145178461,6.45474274852009e-10,"ResNet_291"
"SNP27042",4,5267959,3.95619602916054e-13,"ResNet_291"
"SNP36291",5,74288985,5.90150199535459e-06,"ResNet_291"
"SNP64231",9,151662903,2.12009553108618e-08,"ResNet_291"
"SNP67225",10,116291643,7.09956623304511e-07,"ResNet_291"
"SNP16645",2,204559069,4.25139689825621e-16,"ResNet_292"
"SNP16995",2,209131864,6.08021056268128e-06,"ResNet_292"
"SNP23369",3,172372690,6.49884318214386e-11,"ResNet_292"
"SNP27936",4,35255128,7.76917406113329e-07,"ResNet_292"
"SNP33012",4,238876420,4.30679885508569e-21,"ResNet_292"
"SNP342",1,4766734,1.84941685403934e-15,"ResNet_292"
"SNP39554",5,198208528,4.48183001430188e-16,"ResNet_292"
"SNP41532",5,214515186,1.18635746537569e-20,"ResNet_292"
"SNP44379",6,114180829,6.64406687662318e-36,"ResNet_292"
"SNP44758",6,125593444,6.34314905909923e-14,"ResNet_292"
"SNP47676",7,4066069,1.20457923929642e-06,"ResNet_292"
"SNP48457",7,22014511,5.79312050080057e-25,"ResNet_292"
"SNP53697",8,10285798,6.17313455247064e-14,"ResNet_292"
"SNP57028",8,146475249,1.34996250211458e-07,"ResNet_292"
"SNP60943",9,42840867,1.04752996227286e-10,"ResNet_292"
"SNP62890",9,133933249,1.04937664245184e-06,"ResNet_292"
"SNP65198",10,8785989,8.54829750297839e-24,"ResNet_292"
"SNP65804",10,36381620,2.81726880915616e-32,"ResNet_292"
"SNP65888",10,53978598,6.08552307981078e-25,"ResNet_292"
"SNP66276",10,77448884,2.73401209891308e-07,"ResNet_296"
"SNP26027",3,221218406,9.76488361063917e-07,"ResNet_297"
"SNP39404",5,196407739,5.92714819161467e-09,"ResNet_298"
"SNP57830",8,159648035,4.0387604201501e-06,"ResNet_298"
"SNP69464",10,148930522,9.85519099537475e-06,"ResNet_299"
"SNP67352",10,119759273,2.93530377042588e-06,"ResNet_2"
"SNP1348",1,17695130,1.02720955001151e-16,"ResNet_304"
"SNP16063",2,195530359,8.73087446437668e-09,"ResNet_304"
"SNP17568",2,216615559,1.46910754641812e-09,"ResNet_304"
"SNP20764",3,43360573,1.05414951944586e-07,"ResNet_304"
"SNP23614",3,178006507,3.2636487299017e-13,"ResNet_304"
"SNP2748",1,44176538,7.24990502779613e-31,"ResNet_304"
"SNP28201",4,60810479,9.41156629447431e-14,"ResNet_304"
"SNP29257",4,155228219,1.6049734409414e-27,"ResNet_304"
"SNP3011",1,48765851,6.19726142463655e-17,"ResNet_304"
"SNP33005",4,238760804,1.77416588444442e-28,"ResNet_304"
"SNP38145",5,174168932,1.07918536192541e-07,"ResNet_304"
"SNP46087",6,153773021,2.43501786585736e-34,"ResNet_304"
"SNP51143",7,151729474,5.35803112262403e-26,"ResNet_304"
"SNP60627",9,25816294,1.83909275273918e-14,"ResNet_304"
"SNP61644",9,96191349,4.08086994903133e-14,"ResNet_304"
"SNP62034",9,109115172,1.11540442853079e-22,"ResNet_304"
"SNP64464",9,153413532,2.77989450127755e-11,"ResNet_304"
"SNP65694",10,24653719,4.05737353812977e-06,"ResNet_304"
"SNP68820",10,143497614,5.01018110747446e-11,"ResNet_304"
"SNP19662",3,13485160,3.48864388223177e-06,"ResNet_307"
"SNP61604",9,93371432,1.42625238723214e-06,"ResNet_30"
"SNP58035",8,161710733,9.45678199117121e-06,"ResNet_312"
"SNP7034",1,224102147,6.51179502670544e-08,"ResNet_312"
"SNP21868",3,132385154,3.0097198282904e-06,"ResNet_317"
"SNP32313",4,230754513,8.39371076248949e-06,"ResNet_317"
"SNP32317",4,230754684,3.128388157221e-06,"ResNet_317"
"SNP32318",4,230754699,3.128388157221e-06,"ResNet_317"
"SNP55836",8,111014462,5.64410053946816e-07,"ResNet_317"
"SNP24582",3,195049581,1.36171108800249e-09,"ResNet_319"
"SNP33624",5,4322899,1.29806916863077e-09,"ResNet_319"
"SNP59211",8,171646718,2.28238611985322e-09,"ResNet_319"
"SNP66930",10,106315803,1.10291346455833e-07,"ResNet_319"
"SNP59694",9,5414828,9.29734452344681e-06,"ResNet_320"
"SNP36363",5,74900067,1.61431798846661e-07,"ResNet_321"
"SNP39352",5,195307817,1.52132130001265e-09,"ResNet_321"
"SNP465",1,6179191,5.60143659864465e-06,"ResNet_321"
"SNP11240",2,10517329,5.54226614777004e-06,"ResNet_322"
"SNP21538",3,121660142,2.92031052080765e-06,"ResNet_322"
"SNP23670",3,178555723,9.46689810332177e-06,"ResNet_323"
"SNP50809",7,141731555,5.32050920750094e-06,"ResNet_32"
"SNP14059",2,111357103,1.12255283889628e-07,"ResNet_330"
"SNP20656",3,40318758,3.94346234121788e-06,"ResNet_330"
"SNP20658",3,40318764,3.94346234121788e-06,"ResNet_330"
"SNP32544",4,234447943,2.22969036367583e-07,"ResNet_330"
"SNP40196",5,204805123,6.64872203345991e-10,"ResNet_330"
"SNP41532",5,214515186,1.33174340165179e-15,"ResNet_330"
"SNP44252",6,111368386,1.71638192138846e-15,"ResNet_330"
"SNP4916",1,161682359,8.19062617644803e-17,"ResNet_330"
"SNP52091",7,162671654,4.39442497937763e-09,"ResNet_330"
"SNP53283",7,176136828,2.04978270145868e-15,"ResNet_330"
"SNP53813",8,12933991,1.01748688259513e-16,"ResNet_330"
"SNP53983",8,15046046,2.48614356809725e-06,"ResNet_330"
"SNP65103",10,6402649,1.87822354915505e-07,"ResNet_330"
"SNP67018",10,109379351,8.77044163394583e-09,"ResNet_330"
"SNP67785",10,130145033,3.46092591446583e-10,"ResNet_330"
"SNP18816",3,2945018,6.56398411626407e-06,"ResNet_331"
"SNP27068",4,5406529,2.14796879307206e-07,"ResNet_332"
"SNP5091",1,166801341,1.4783211394747e-06,"ResNet_332"
"SNP66850",10,99723340,1.11353332733638e-08,"ResNet_332"
"SNP18374",2,233762533,8.44515903827597e-07,"ResNet_334"
"SNP29238",4,154796831,2.96796214507244e-07,"ResNet_334"
"SNP36299",5,74407569,1.09019707449363e-06,"ResNet_334"
"SNP44637",6,120913231,5.41302720431257e-11,"ResNet_334"
"SNP50293",7,132598255,1.50642049789838e-09,"ResNet_334"
"SNP5293",1,175295627,8.66508139787702e-08,"ResNet_334"
"SNP58232",8,163215113,9.51590353111746e-09,"ResNet_334"
"SNP932",1,11985267,1.8787329938435e-10,"ResNet_334"
"SNP33084",4,239521821,6.59256477385838e-06,"ResNet_336"
"SNP57310",8,151911772,5.70069064633406e-07,"ResNet_336"
"SNP53548",8,6512086,9.93295586782093e-06,"ResNet_337"
"SNP21066",3,59665286,4.32565864086481e-06,"ResNet_339"
"SNP1417",1,19100862,1.77495377199755e-06,"ResNet_33"
"SNP63269",9,140360732,5.6167919766913e-06,"ResNet_343"
"SNP34021",5,7587563,2.76617041640034e-07,"ResNet_344"
"SNP27576",4,20772768,4.45290048205594e-06,"ResNet_348"
"SNP8373",1,262614939,8.76463203510953e-06,"ResNet_348"
"SNP32351",4,231254982,2.97151937265924e-15,"ResNet_353"
"SNP33126",4,239933758,8.79228678100268e-13,"ResNet_353"
"SNP42524",6,35681182,1.77879830157438e-09,"ResNet_353"
"SNP49302",7,105501237,2.60012407308408e-08,"ResNet_353"
"SNP55140",8,67202080,1.03474702718242e-06,"ResNet_353"
"SNP652",1,8035087,1.06176463044418e-13,"ResNet_353"
"SNP69406",10,148423601,1.23333206379634e-11,"ResNet_353"
"SNP34026",5,7589025,9.2653795449239e-09,"ResNet_358"
"SNP3945",1,81212928,2.66813610880662e-06,"ResNet_358"
"SNP68785",10,142971439,7.2891646751556e-08,"ResNet_358"
"SNP5098",1,166808501,1.23233534061711e-07,"ResNet_359"
"SNP54428",8,22679097,2.56234338978765e-09,"ResNet_359"
"SNP64947",10,4611107,2.7898128714291e-07,"ResNet_359"
"SNP13384",2,55894684,3.33902395737124e-08,"ResNet_361"
"SNP41530",5,214507724,4.52287220764327e-06,"ResNet_361"
"SNP53186",7,174512510,1.57903517893775e-08,"ResNet_361"
"SNP13628",2,70285597,1.66212206372404e-07,"ResNet_362"
"SNP14944",2,173769061,2.00168716467255e-06,"ResNet_362"
"SNP16543",2,203633872,1.9409779145344e-08,"ResNet_362"
"SNP28680",4,125761718,1.59170745824695e-06,"ResNet_362"
"SNP41157",5,212647447,2.19646449539583e-12,"ResNet_362"
"SNP13938",2,107286098,7.84122129344112e-12,"ResNet_365"
"SNP22150",3,141701129,4.62092240361229e-09,"ResNet_365"
"SNP24037",3,184849506,9.90324347202652e-13,"ResNet_365"
"SNP26281",3,225099193,2.72135777248589e-18,"ResNet_365"
"SNP26697",4,914205,1.71668874850149e-07,"ResNet_365"
"SNP3138",1,52464757,3.1415072216916e-06,"ResNet_365"
"SNP33265",5,1843709,8.51945520672354e-15,"ResNet_365"
"SNP33579",5,4156557,9.99381030501467e-25,"ResNet_365"
"SNP33888",5,6333677,3.90993023103071e-19,"ResNet_365"
"SNP36664",5,83133235,4.50040657961405e-19,"ResNet_365"
"SNP43352",6,87281545,1.90714726345565e-15,"ResNet_365"
"SNP47639",7,3176375,8.05811888198909e-26,"ResNet_365"
"SNP47863",7,6303239,6.18175109726714e-13,"ResNet_365"
"SNP49754",7,123505279,1.77617256152552e-26,"ResNet_365"
"SNP61237",9,64031330,8.73434023686627e-19,"ResNet_365"
"SNP63332",9,141477392,1.23459342999082e-30,"ResNet_365"
"SNP29564",4,161307228,8.14819719493528e-06,"ResNet_366"
"SNP29565",4,161307259,8.14819719493528e-06,"ResNet_366"
"SNP36375",5,74919258,4.45084961233558e-06,"ResNet_366"
"SNP39678",5,199721973,1.93789724023347e-06,"ResNet_367"
"SNP48006",7,8677545,6.23876991343973e-07,"ResNet_371"
"SNP1330",1,17679806,1.3301913159146e-06,"ResNet_375"
"SNP46731",6,162011458,5.5498282164708e-06,"ResNet_375"
"SNP31485",4,199598235,4.6513750551632e-07,"ResNet_378"
"SNP60072",9,13755136,9.10064466623274e-06,"ResNet_380"
"SNP60073",9,13762136,5.7654627271703e-06,"ResNet_380"
"SNP18723",3,2083503,1.02669461935346e-06,"ResNet_381"
"SNP66970",10,108117880,4.55969460559184e-06,"ResNet_383"
"SNP5091",1,166801341,6.38374475694414e-06,"ResNet_384"
"SNP10452",2,2478437,2.77297396781309e-06,"ResNet_386"
"SNP6161",1,200409809,3.38484393037268e-07,"ResNet_386"
"SNP19464",3,10685778,5.82989874365243e-08,"ResNet_38"
"SNP48512",7,25900352,3.85507173036085e-06,"ResNet_390"
"SNP21388",3,107577622,1.51536012724208e-06,"ResNet_393"
"SNP43100",6,72860130,2.57901133931712e-06,"ResNet_393"
"SNP44864",6,129516463,5.96966947044721e-06,"ResNet_393"
"SNP51237",7,153654441,5.6726465997588e-08,"ResNet_393"
"SNP8359",1,262392374,6.16965157956384e-06,"ResNet_394"
"SNP22337",3,147401614,2.2499294478261e-06,"ResNet_395"
"SNP42018",6,4674057,1.6036151179537e-06,"ResNet_396"
"SNP66978",10,108119107,6.12818593276763e-06,"ResNet_397"
"SNP832",1,10512660,1.38944675347875e-06,"ResNet_399"
"SNP41393",5,214060931,4.11366605308858e-07,"ResNet_400"
"SNP53351",8,1522401,2.11177563205781e-08,"ResNet_400"
"SNP558",1,7057453,1.96954565145978e-06,"ResNet_402"
"SNP66201",10,75814715,9.9208288436563e-07,"ResNet_405"
"SNP16969",2,209110790,8.10717514570312e-06,"ResNet_407"
"SNP41313",5,213364791,3.10690903729835e-13,"ResNet_407"
"SNP49247",7,104262247,2.58989383318953e-06,"ResNet_407"
"SNP53191",7,174515069,3.3170510839151e-07,"ResNet_407"
"SNP55476",8,93112212,2.91243620809928e-07,"ResNet_407"
"SNP57146",8,148905923,3.05994344403571e-13,"ResNet_407"
"SNP59378",8,173416784,2.59044621489544e-07,"ResNet_407"
"SNP57240",8,150422198,9.00705731459831e-06,"ResNet_40"
"SNP33568",5,4101783,7.5915191685993e-06,"ResNet_410"
"SNP23185",3,168492453,8.54052235170184e-06,"ResNet_412"
"SNP10734",2,4580468,1.29509636594025e-11,"ResNet_414"
"SNP23368",3,172336215,1.58932404021547e-10,"ResNet_414"
"SNP33151",4,240237074,1.29413826144964e-07,"ResNet_414"
"SNP38770",5,185501513,7.4605682028776e-08,"ResNet_414"
"SNP41076",5,212178425,9.17125432522846e-08,"ResNet_414"
"SNP48887",7,82326573,5.97801506178316e-09,"ResNet_414"
"SNP57518",8,154594698,3.00746899227658e-06,"ResNet_414"
"SNP23021",3,166206551,9.1317254389766e-07,"ResNet_415"
"SNP344",1,4772203,1.30347665228647e-06,"ResNet_415"
"SNP39041",5,190052480,4.96025438994084e-06,"ResNet_416"
"SNP10361",2,1824656,2.41420473200804e-09,"ResNet_417"
"SNP11067",2,8811826,2.7408073052425e-16,"ResNet_417"
"SNP1119",1,14169005,1.62088722715936e-06,"ResNet_417"
"SNP1566",1,22376186,1.66176499121509e-08,"ResNet_417"
"SNP17758",2,220231701,2.00100164001135e-18,"ResNet_417"
"SNP18563",2,236414134,4.60083034879091e-07,"ResNet_417"
"SNP23617",3,178008401,2.3708480896876e-15,"ResNet_417"
"SNP30984",4,187278272,6.42639587986544e-21,"ResNet_417"
"SNP32592",4,234916015,2.57489869454673e-10,"ResNet_417"
"SNP3290",1,58708761,3.67259060125564e-32,"ResNet_417"
"SNP36098",5,68309323,4.4517741837701e-12,"ResNet_417"
"SNP3617",1,68561752,1.53484935591538e-21,"ResNet_417"
"SNP40447",5,206159358,7.36115285520994e-16,"ResNet_417"
"SNP41530",5,214507724,5.89112864039494e-34,"ResNet_417"
"SNP42544",6,36947944,9.00004258403137e-06,"ResNet_417"
"SNP44128",6,108264478,3.48605091766932e-07,"ResNet_417"
"SNP47521",7,2319200,1.87287166712293e-16,"ResNet_417"
"SNP54784",8,35815217,3.33953481878627e-07,"ResNet_417"
"SNP59962",9,11929348,1.27380189735784e-17,"ResNet_417"
"SNP10395",2,2082159,1.7975986518539e-06,"ResNet_41"
"SNP45162",6,138305899,1.2277845251203e-06,"ResNet_41"
"SNP52155",7,163668781,1.62615488116406e-07,"ResNet_41"
"SNP16714",2,205926126,4.82167679009548e-07,"ResNet_423"
"SNP40227",5,204904320,5.78962446556209e-06,"ResNet_424"
"SNP34377",5,12382489,1.602781204773e-06,"ResNet_427"
"SNP27459",4,17235094,9.43572723833157e-07,"ResNet_429"
"SNP1775",1,26689374,8.23575052299107e-06,"ResNet_42"
"SNP17436",2,215017323,2.25588086714903e-06,"ResNet_430"
"SNP67032",10,109804242,6.56959000251032e-06,"ResNet_432"
"SNP18775",3,2610321,9.26534763483351e-06,"ResNet_434"
"SNP56543",8,135455316,5.63099130987833e-06,"ResNet_434"
"SNP41894",6,2385933,8.31454935483892e-06,"ResNet_437"
"SNP14054",2,111278689,1.254861178969e-08,"ResNet_43"
"SNP14373",2,140173809,6.45051230542341e-13,"ResNet_43"
"SNP18707",3,2066980,6.50857960274008e-21,"ResNet_43"
"SNP26978",4,4754494,2.78321652548903e-10,"ResNet_43"
"SNP35072",5,23838343,3.44806299800596e-08,"ResNet_43"
"SNP42601",6,39371314,4.12362632563596e-21,"ResNet_43"
"SNP49900",7,126408125,1.02864707866936e-12,"ResNet_43"
"SNP50383",7,134013651,2.27453603156916e-08,"ResNet_43"
"SNP55505",8,94358517,3.53126539215876e-10,"ResNet_43"
"SNP55911",8,113842551,1.01487461886909e-06,"ResNet_43"
"SNP5899",1,195151055,1.20694605453026e-11,"ResNet_43"
"SNP64884",10,3184118,1.16990392619527e-06,"ResNet_43"
"SNP7523",1,236951129,1.68725798352202e-10,"ResNet_43"
"SNP8016",1,253513275,6.6350018181787e-13,"ResNet_43"
"SNP22151",3,141701155,1.82516301053481e-06,"ResNet_440"
"SNP66980",10,108122809,5.562485097131e-07,"ResNet_440"
"SNP11172",2,9982153,3.3545568117183e-06,"ResNet_441"
"SNP41530",5,214507724,4.2909241369454e-07,"ResNet_445"
"SNP57456",8,153464448,7.70592758271105e-06,"ResNet_445"
"SNP14627",2,154608188,8.16145086801259e-07,"ResNet_447"
"SNP25383",3,211148122,2.8981978120419e-06,"ResNet_447"
"SNP41674",5,215483025,4.28263335684222e-06,"ResNet_447"
"SNP65365",10,10474822,2.59310954417508e-08,"ResNet_447"
"SNP49364",7,108303300,1.78642743822881e-06,"ResNet_448"
"SNP62449",9,124578232,9.74849670735506e-06,"ResNet_449"
"SNP65411",10,11748764,1.19273574761449e-06,"ResNet_449"
"SNP22337",3,147401614,7.35678716558457e-18,"ResNet_44"
"SNP23156",3,167686874,1.47949844959673e-12,"ResNet_44"
"SNP27633",4,23196640,6.44078217259852e-07,"ResNet_44"
"SNP47024",6,164377429,5.50937432658976e-06,"ResNet_44"
"SNP51628",7,157875967,4.13823965863814e-12,"ResNet_44"
"SNP51891",7,160600156,2.71640547671972e-09,"ResNet_44"
"SNP54214",8,18372244,4.52868061177162e-08,"ResNet_44"
"SNP8225",1,258441440,9.17517071526823e-12,"ResNet_44"
"SNP959",1,12166788,4.23510501811716e-08,"ResNet_44"
"SNP24230",3,187611636,3.50035037058172e-06,"ResNet_452"
"SNP34209",5,10106050,4.43483403459781e-06,"ResNet_452"
"SNP16733",2,205957858,3.51868366436516e-08,"ResNet_455"
"SNP18713",3,2067896,2.4233859275514e-06,"ResNet_457"
"SNP25335",3,210265629,4.61300414287095e-06,"ResNet_457"
"SNP48289",7,17180746,6.8265766658109e-06,"ResNet_458"
"SNP7130",1,226218869,9.11360521536371e-06,"ResNet_45"
"SNP40195",5,204802779,4.5485061971835e-06,"ResNet_461"
"SNP40199",5,204812909,7.93566636833822e-06,"ResNet_461"
"SNP47398",6,168690534,4.305342042118e-06,"ResNet_461"
"SNP14945",2,173776040,4.61753763874321e-07,"ResNet_462"
"SNP42560",6,38064679,9.70907302539201e-09,"ResNet_462"
"SNP31058",4,188492838,8.67689907723499e-08,"ResNet_463"
"SNP34215",5,10106495,1.65214726263769e-09,"ResNet_463"
"SNP42006",6,4438290,3.34043505143184e-12,"ResNet_463"
"SNP53084",7,173743563,1.31134139155324e-07,"ResNet_463"
"SNP57096",8,147498725,9.79564664607672e-06,"ResNet_463"
"SNP67333",10,118927301,1.74033497062311e-10,"ResNet_463"
"SNP19525",3,11534081,8.75501178441812e-06,"ResNet_464"
"SNP28412",4,76384560,7.22553619149097e-09,"ResNet_466"
"SNP32464",4,233225814,1.35946917468212e-07,"ResNet_466"
"SNP24096",3,185756274,6.89576047607541e-06,"ResNet_467"
"SNP15520",2,186265683,1.60113072246392e-07,"ResNet_468"
"SNP17549",2,216598268,6.46902040376884e-08,"ResNet_468"
"SNP18845",3,3477166,1.4947802731341e-09,"ResNet_468"
"SNP23631",3,178136421,2.13921316072927e-12,"ResNet_468"
"SNP24945",3,201329410,7.5147905300988e-15,"ResNet_468"
"SNP29982",4,171545185,1.53291400323914e-23,"ResNet_468"
"SNP35315",5,31422573,1.22384174428527e-24,"ResNet_468"
"SNP40745",5,209002369,3.27805127368232e-13,"ResNet_468"
"SNP41704",5,215618577,6.46466127389219e-11,"ResNet_468"
"SNP44616",6,120607706,3.71514770413187e-23,"ResNet_468"
"SNP46071",6,153357099,6.60979985986945e-18,"ResNet_468"
"SNP52741",7,169202532,1.29463214903715e-07,"ResNet_468"
"SNP58649",8,166812429,1.18245449885914e-16,"ResNet_468"
"SNP64252",9,151728855,6.77181367542403e-06,"ResNet_468"
"SNP65619",10,19643552,1.3605272892048e-09,"ResNet_468"
"SNP66461",10,84610474,1.94732451760323e-12,"ResNet_468"
"SNP67093",10,112987974,2.2407486402288e-27,"ResNet_468"
"SNP67923",10,132321828,7.45901126351193e-10,"ResNet_468"
"SNP10553",2,3184685,1.03809335192431e-12,"ResNet_473"
"SNP12446",2,29666484,4.65545526390948e-08,"ResNet_473"
"SNP16609",2,204327655,4.96134579018802e-07,"ResNet_473"
"SNP16625",2,204360912,1.86594939399958e-12,"ResNet_473"
"SNP19592",3,12290193,4.45348535893223e-13,"ResNet_473"
"SNP21719",3,127853245,3.25628498130324e-10,"ResNet_473"
"SNP22238",3,145178461,8.61649734136855e-20,"ResNet_473"
"SNP22699",3,157018077,5.31392595182496e-07,"ResNet_473"
"SNP41530",5,214507724,6.92043019638452e-12,"ResNet_473"
"SNP43966",6,104979905,3.15703011891449e-12,"ResNet_473"
"SNP50888",7,143410052,3.77811704503013e-13,"ResNet_473"
"SNP53426",8,3482769,2.86536115582024e-07,"ResNet_473"
"SNP3107",1,52091248,4.63252092079955e-06,"ResNet_475"
"SNP409",1,5349533,1.54603189319056e-06,"ResNet_475"
"SNP46739",6,162019621,7.87588382089961e-06,"ResNet_475"
"SNP58094",8,161916363,3.15617984538527e-06,"ResNet_475"
"SNP49377",7,108481780,1.06825276854009e-06,"ResNet_477"
"SNP32958",4,238275508,1.54306720716376e-06,"ResNet_479"
"SNP52676",7,168293814,6.97285015564648e-06,"ResNet_479"
"SNP55151",8,67724265,7.77044783201258e-06,"ResNet_479"
"SNP21158",3,67169671,1.76813725876812e-06,"ResNet_480"
"SNP56797",8,141391267,8.47315127492028e-06,"ResNet_480"
"SNP55438",8,90426007,2.63916999405946e-06,"ResNet_482"
"SNP42574",6,38119960,3.02339530558091e-06,"ResNet_484"
"SNP50609",7,138372007,7.41529821692239e-06,"ResNet_485"
"SNP66977",10,108118117,2.26138184390328e-06,"ResNet_487"
"SNP48289",7,17180746,1.87225095250011e-08,"ResNet_490"
"SNP55863",8,111799426,3.50865530364831e-06,"ResNet_490"
"SNP28265",4,67143927,9.38278464366186e-07,"ResNet_493"
"SNP67352",10,119759273,3.91528898711759e-07,"ResNet_494"
"SNP4519",1,107364757,3.0075615465675e-06,"ResNet_495"
"SNP50766",7,141512767,6.46590223570151e-07,"ResNet_495"
"SNP56797",8,141391267,2.90021712662365e-07,"ResNet_495"
"SNP64933",10,4564890,1.78160587522812e-06,"ResNet_496"
"SNP7034",1,224102147,2.35954269697972e-06,"ResNet_497"
"SNP33296",5,2148864,3.19342880888628e-06,"ResNet_498"
"SNP41020",5,211925235,3.69052277887247e-07,"ResNet_498"
"SNP41641",5,215300636,3.82292052940909e-06,"ResNet_498"
"SNP12394",2,28401632,6.62404475784946e-06,"ResNet_504"
"SNP42550",6,37026816,1.35387051203159e-06,"ResNet_504"
"SNP10589",2,3598000,1.47762943861003e-06,"ResNet_508"
"SNP5999",1,197071761,9.40146831088427e-06,"ResNet_50"
"SNP41530",5,214507724,5.3096170615291e-08,"ResNet_511"
"SNP23235",3,169349068,6.24316627087187e-08,"ResNet_53"
"SNP48289",7,17180746,6.24280448888241e-07,"ResNet_55"
"SNP38494",5,179926878,8.64815315897116e-07,"ResNet_57"
"SNP51860",7,160440470,6.81445506902393e-06,"ResNet_57"
"SNP12946",2,42958465,4.29584018776109e-09,"ResNet_59"
"SNP55438",8,90426007,2.14695730356772e-06,"ResNet_59"
"SNP48289",7,17180746,7.93908399762738e-07,"ResNet_5"
"SNP21842",3,131050757,8.98741256186939e-06,"ResNet_60"
"SNP10938",2,6849919,9.76835409393418e-07,"ResNet_61"
"SNP66967",10,108060679,7.44573926448883e-09,"ResNet_61"
"SNP18288",2,232985826,8.40788831584646e-08,"ResNet_62"
"SNP58178",8,162752616,1.38354017648169e-07,"ResNet_62"
"SNP16561",2,203766173,1.78877887637959e-07,"ResNet_65"
"SNP18935",3,3716143,4.96455668106185e-07,"ResNet_65"
"SNP32207",4,228144162,7.83956051151002e-06,"ResNet_65"
"SNP42110",6,6187775,2.06138129567138e-06,"ResNet_66"
"SNP36281",5,73055169,5.78690321867951e-06,"ResNet_68"
"SNP16677",2,205493595,8.39716122718328e-11,"ResNet_69"
"SNP26606",3,231823977,5.09179512176604e-10,"ResNet_69"
"SNP32344",4,231205034,1.58894407681983e-12,"ResNet_69"
"SNP33000",4,238738255,2.9777222688123e-10,"ResNet_69"
"SNP33833",5,5792478,6.55640457300206e-08,"ResNet_69"
"SNP36633",5,82550927,1.02916671379782e-12,"ResNet_69"
"SNP41530",5,214507724,3.39842157788405e-13,"ResNet_69"
"SNP42244",6,18991091,8.40302810917125e-08,"ResNet_69"
"SNP48289",7,17180746,2.96823393039224e-13,"ResNet_69"
"SNP49368",7,108303786,4.60117469969859e-09,"ResNet_69"
"SNP62826",9,133208091,1.162072509361e-22,"ResNet_69"
"SNP18765",3,2450668,2.82364870665373e-07,"ResNet_74"
"SNP442",1,5744943,5.90350941218272e-06,"ResNet_74"
"SNP21996",3,135505933,7.24097528589549e-06,"ResNet_77"
"SNP68024",10,133370218,6.03416388604808e-06,"ResNet_79"
"SNP35027",5,22757035,3.53149210827521e-08,"ResNet_80"
"SNP42318",6,26668885,5.1573751607487e-06,"ResNet_80"
"SNP48289",7,17180746,8.29175259587453e-08,"ResNet_80"
"SNP51780",7,159939214,4.72675669820896e-07,"ResNet_80"
"SNP62459",9,124694126,1.97229393999627e-10,"ResNet_80"
"SNP13193",2,49016953,8.43114447020321e-08,"ResNet_82"
"SNP17428",2,215011292,1.99672618219661e-06,"ResNet_82"
"SNP25795",3,218178635,1.14953836877894e-23,"ResNet_82"
"SNP30644",4,182296113,1.16469458309508e-11,"ResNet_82"
"SNP37075",5,129222162,3.13305061563295e-20,"ResNet_82"
"SNP3741",1,73231990,1.61435644996223e-19,"ResNet_82"
"SNP51633",7,157906849,1.94371762587539e-14,"ResNet_82"
"SNP53234",7,174996275,1.6438642642369e-17,"ResNet_82"
"SNP56057",8,118769526,1.3081148239352e-12,"ResNet_82"
"SNP58107",8,162185699,3.50713832296129e-08,"ResNet_82"
"SNP58178",8,162752616,6.54962203971252e-07,"ResNet_82"
"SNP62363",9,121731991,1.82019037911277e-06,"ResNet_82"
"SNP65366",10,10475728,5.36411141592078e-13,"ResNet_82"
"SNP38790",5,185656857,6.6734475365559e-06,"ResNet_87"
"SNP38791",5,185656929,9.35226686505398e-06,"ResNet_87"
"SNP66973",10,108118022,7.3621010847177e-07,"ResNet_87"
"SNP5940",1,195561674,4.58177416999374e-07,"ResNet_8"
"SNP67352",10,119759273,1.83612405870348e-07,"ResNet_8"
"SNP17564",2,216614502,1.19081701742787e-07,"ResNet_90"
"SNP18707",3,2066980,6.58019500477556e-09,"ResNet_90"
"SNP10587",2,3583558,6.62631938169975e-06,"ResNet_91"
"SNP355",1,4995670,8.60673937920544e-08,"ResNet_92"
"SNP12988",2,43761524,1.78398777594285e-10,"ResNet_93"
"SNP15489",2,185399444,1.12880440361593e-06,"ResNet_93"
"SNP17319",2,213805599,2.74043919299865e-10,"ResNet_93"
"SNP37617",5,158821069,2.32605593753323e-08,"ResNet_93"
"SNP41215",5,212821564,8.44593553010428e-06,"ResNet_93"
"SNP43267",6,83609740,1.46921923340277e-08,"ResNet_93"
"SNP4680",1,121490520,2.52971157104165e-07,"ResNet_93"
"SNP551",1,6926500,5.20090902290356e-08,"ResNet_93"
"SNP55900",8,113350130,1.2878052567122e-10,"ResNet_93"
"SNP58348",8,164384636,2.58896606152127e-10,"ResNet_93"
"SNP60002",9,12795726,1.8523392468004e-10,"ResNet_93"
"SNP61910",9,103468909,3.70942995230932e-18,"ResNet_93"
"SNP11084",2,8916323,5.8304407201182e-07,"ResNet_94"
"SNP39169",5,192165448,4.6521338091859e-06,"ResNet_94"
"SNP41452",5,214115967,1.14866404836822e-08,"ResNet_94"
"SNP47341",6,167643976,2.00697956508996e-06,"ResNet_97"
"SNP63413",9,142932106,4.33561131417882e-06,"ResNet_99"
"SNP14565",2,149201237,1.90690219288444e-08,"ResNet_9"
"SNP3484",1,63353933,2.48237026445185e-06,"ResNet_9"
"SNP35481",5,42459155,2.34732911812596e-09,"ResNet_9"
"SNP40981",5,211726354,4.09262396314464e-08,"ResNet_9"
"SNP45079",6,135536124,1.23345384694609e-11,"ResNet_9"
"SNP53270",7,176021672,3.06577566966816e-08,"ResNet_9"
"SNP64061",9,150236473,5.48039214233257e-11,"ResNet_9"
